term,count
the,25
and,19
of,17
his,7
he,6
to,6
a,5
elijah,5
in,5
california,4
s,4
when,4
all,4
has,3
helen,3
was,3
by,3
for,3
have,2
story,2
ralph,2
step,2
fear,2
mind,2
him,2
mental,2
force,2
groves,2
orange,2
is,2
should,2
trifle,1
seem,1
manhood,1
strength,1
put,1
lover,1
partner,1
exaggerated,1
real,1
life,1
as,1
winston,1
pitied,1
fine,1
young,1
business,1
woman,1
on,1
too,1
who,1
comes,1
under,1
charm,1
are,1
author,1
graces,1
body,1
just,1
amy,1
weakness,1
truer,1
innate,1
jealousy,1
fury,1
turned,1
full,1
course,1
pent,1
up,1
hills,1
against,1
newly,1
constructed,1
dam,1
then,1
himself,1
plunged,1
headlong,1
down,1
goaded,1
point,1
decline,1
been,1
avarice,1
greed,1
gold,1
power,1
not,1
at,1
moment,1
strongest,1
moral,1
cowardice,1
exposure,1
these,1
helped,1
crush,1
we,1
follow,1
be,1
poverty,1
any,1
came,1
its,1
small,1
towns,1
thundering,1
over,1
country,1
settled,1
an,1
arid,1
part,1
dreamed,1
days,1
through,1
means,1
irrigation,1
boom,1
englander,1
established,1
new,1
vision,1
frank,1
lewis,1
mo,1
boston,1
little,1
brown,1
co,1
this,1
novel,1
about,1
strange,1
mixture,1
visionary,1
straitlaced,1
cultivation,1
greatest,1
after,1
own,1
love,1
element,1
brisk,1
holds,1
attention,1
one,1
feels,1
sorry,1
wife,1
but,1
even,1
while,1
pitying,1
doubt,1
into,1
undoing,1
v,1
world,1
judgments,1
mr,1
drawn,1
character,1
with,1
excellent,1
precision,1
clea,1
man,1
eloquence,1
strong,1
desires,1
unusual,1
magnetism,1
nevertheless,1
blinded,1
cliffs,1
